MemberID,FirstName,LastName,Alias,ChineseFirstName,ChineseLastName,Gender,MemberTypeID,LocalHomeAddress,LocalCityOrSuburb,LocalStateOrProvince,LocalPostalCode,LocalPhoneNumber,MobilePhone,TJCEmail,EmailAddress,Birthdate,DeceasedOrMovedDate,Exclude_Directory
BNE0001,Quinn,Davis,,名1,蔡,M,1,Macejkovic Mall,Heidichester,QLD,6991,xxxxxxxxxx,xxxxxxxxxx,,,5/10/64,,FALSE
BNE0002,Monty,Thiel,Novella,名2,梁,F,1,Macejkovic Mall,Heidichester,QLD,6991,xxxxxxxxxx,xxxxxxxxxx,,,16/8/57,,FALSE
BNE0003,Jeanette,Considine,,名3,蔡,M,1,Macejkovic Mall,Heidichester,QLD,6991,xxxxxxxxxx,xxxxxxxxxx,Dorcas_Baumbach@yahoo.com,Clyde.Hagenes@hotmail.com,30/0/11,,FALSE
BNE0004,Alverta,Conn,,名4,蔡,M,1,Macejkovic Mall,Heidichester,QLD,6991,xxxxxxxxxx,xxxxxxxxxx,Ezra.Waelchi14@hotmail.com,Adelia.Witting@yahoo.com,13/11/11,,FALSE
BNE0005,Emerson,Davis,,名5,陳,F,7,Alfonzo Ferry,Shieldshaven,QLD,7762,xxxxxxxxxx,xxxxxxxxxx,,,20/0/90,,FALSE
BNE0006,Newell,Hegmann,,名6,張,F,1,Alfonzo Ferry,Shieldshaven,QLD,7762,xxxxxxxxxx,xxxxxxxxxx,,,16/9/41,,FALSE
BNE0007,Chaim,Fahey,,名7,陳,M,1,Fisher Walks,Alvahchester,QLD,2468,,xxxxxxxxxx,Roy.Bernier81@yahoo.com,,26/5/70,,FALSE
BNE0008,Rashawn,Sawayn,,名8,陳,F,7,Kennedy Corner,Gleichnerbury,QLD,6067,xxxxxxxxxx,xxxxxxxxxx,,,24/4/56,,TRUE
BNE0009,Jayne,Leannon,,名9,梁,F,7,Mills Summit,Jeffereymouth,QLD,8138,xxxxxxxxxx,xxxxxxxxxx,,Janae.Connelly16@yahoo.com,23/10/15,,TRUE
BNE0010,Estevan,Pfannerstill,,名10,陳,M,7,Mills Summit,Jeffereymouth,QLD,8138,xxxxxxxxxx,,,,12/10/86,,TRUE
BNE0011,Augustus,Upton,,名11,柯,M,6,Elza Ford,Port Fabiola,QLD,9307,xxxxxxxxxx,,,,11/1/90,,TRUE
BNE0012,Cleo,Erdman,,名12,林,F,1,Schaefer Parkway,North Ralphfort,QLD,1861,xxxxxxxxxx,,,,27/6/99,,FALSE
BNE0013,Theodore,Bosco,Boris,名13,柯,F,6,Schaefer Parkway,North Ralphfort,QLD,1861,xxxxxxxxxx,xxxxxxxxxx,Marcelina_Smitham@hotmail.com,Kara_Runolfsson@gmail.com,15/0/48,,FALSE
BNE0014,Susie,Stark,Roberta,名14,黃,F,1,Schaefer Parkway,North Ralphfort,QLD,1861,xxxxxxxxxx,xxxxxxxxxx,Wallace75@gmail.com,Enola14@gmail.com,1/0/89,,FALSE
BNE0015,Mitchell,Waters,,名15,柯,F,1,Baumbach Mews,Kuphalburgh,QLD,4657,xxxxxxxxxx,xxxxxxxxxx,Alessia69@hotmail.com,Kaitlyn_Morar23@yahoo.com,20/3/92,,FALSE
BNE0016,Lyric,Marks,,名16,柯,M,1,Amber Port,Port Bernardotown,QLD,6847,,xxxxxxxxxx,Mandy.Bins@yahoo.com,Noel.Johnston32@gmail.com,25/2/73,,FALSE
BNE0017,Jermey,Gleason,,名17,柯,F,1,Schaefer Parkway,North Ralphfort,QLD,1861,,xxxxxxxxxx,Lionel37@hotmail.com,Bailee_Huel87@hotmail.com,23/6/48,,FALSE
BNE0018,Cali,Keeling,,名18,向,M,7,Lorenzo Points,North Juliannefurt,QLD,9758,xxxxxxxxxx,,,,4/2/5,,TRUE
BNE0019,Mallie,Weber,,名19,林,M,1,Cary Turnpike,Kuhlmanberg,QLD,0904,,xxxxxxxxxx,Cristobal.Lakin@hotmail.com,Clotilde82@gmail.com,5/0/2,,FALSE
BNE0020,Nigel,Stracke,,名20,林,F,1,Marks Lodge,Port Eldamouth,QLD,2703,,xxxxxxxxxx,Adolphus.Cremin@gmail.com,Rolando96@gmail.com,19/7/53,,FALSE
BNE0021,Adelbert,Vandervort,,名21,陳,M,7,Anjali Vista,New Herminio,QLD,5608,xxxxxxxxxx,xxxxxxxxxx,Reece27@gmail.com,Salma.Jast@hotmail.com,29/4/63,,FALSE
BNE0022,Hallie,Quigley,,名22,康,M,7,Anjali Vista,New Herminio,QLD,5608,xxxxxxxxxx,,,,29/2/76,,FALSE
BNE0023,Jalyn,Streich,,名23,陳,M,7,Anjali Vista,New Herminio,QLD,5608,xxxxxxxxxx,,,,2/5/66,,FALSE
BNE0024,Jacinthe,Stracke,Karson,名24,陳,M,7,Thalia Walk,Lake Earline,QLD,2536,xxxxxxxxxx,xxxxxxxxxx,Imani21@yahoo.com,Maybell.Oberbrunner64@yahoo.com,10/9/97,,FALSE
BNE0025,Chyna,Quigley,,名25,葉,M,1,Volkman View,South Shaina,QLD,0200,xxxxxxxxxx,xxxxxxxxxx,,,26/9/7,,FALSE
BNE0026,Gideon,Wehner,,名26,陳,F,1,Volkman View,South Shaina,QLD,0200,xxxxxxxxxx,,,,16/5/93,,FALSE
BNE0027,Destini,Heathcote,,名27,葉,M,1,Volkman View,South Shaina,QLD,0200,xxxxxxxxxx,,,,11/3/14,,TRUE
BNE0028,Orville,Romaguera,,名28,葉,F,1,Volkman View,South Shaina,QLD,0200,xxxxxxxxxx,xxxxxxxxxx,,,23/1/12,,FALSE
BNE0029,Allene,Koch,,名29,陳,M,1,Volkman View,South Shaina,QLD,0200,xxxxxxxxxx,,,,1/3/47,,FALSE
BNE0030,Marcelo,Kertzmann,,名30,葉,F,1,Volkman View,South Shaina,QLD,0200,xxxxxxxxxx,xxxxxxxxxx,Alphonso.Padberg69@yahoo.com,Don28@yahoo.com,25/4/11,,FALSE
BNE0031,Agnes,Johnson,,名31,陳,F,1,Charlotte Island,New Verner,QLD,9519,xxxxxxxxxx,xxxxxxxxxx,Giovanni.Kris@hotmail.com,Kelsie93@hotmail.com,23/7/87,,FALSE
BNE0032,Favian,Nicolas,,名32,陳,M,1,Krista Mount,Evantown,QLD,8071,,xxxxxxxxxx,Major33@yahoo.com,Maude_Green18@yahoo.com,27/10/76,,FALSE
BNE0033,Angie,Krajcik,,名33,翁,M,1,Destin Forks,Rueckerbury,QLD,1574,xxxxxxxxxx,xxxxxxxxxx,Doris4@hotmail.com,Shaylee.Schmeler78@yahoo.com,19/9/93,,FALSE
BNE0034,Lilian,Bayer,,名34,黃,F,1,Destin Forks,Rueckerbury,QLD,1574,xxxxxxxxxx,xxxxxxxxxx,Tyra_Rohan@hotmail.com,Justine.Howe@hotmail.com,28/5/53,,FALSE
BNE0035,Stefanie,Murray,,名35,翁,F,7,Simonis Lakes,New Kathryn,QLD,0149,xxxxxxxxxx,xxxxxxxxxx,Bernadine.Keeling13@yahoo.com,Bernadette_McDermott@hotmail.com,2/1/84,,TRUE
BNE0036,Tiana,McKenzie,,名36,翁,F,1,Metz Knolls,Larsonburgh,QLD,3463,,xxxxxxxxxx,Wellington.Sauer28@yahoo.com,Travis.Smith@gmail.com,15/5/78,,FALSE
BNE0037,Sam,Nienow,,名37,徐,M,7,Bruen Ranch,East Sheridanton,QLD,7221,xxxxxxxxxx,,,,9/0/49,,FALSE
BNE0038,Ayana,Volkman,,名38,施,M,5,Domenica Port,Corwinberg,QLD,1378,xxxxxxxxxx,,,Karen.Cruickshank67@hotmail.com,11/6/94,,FALSE
BNE0039,Eryn,Morar,,名39,陳,F,1,Domenica Port,Corwinberg,QLD,1378,xxxxxxxxxx,xxxxxxxxxx,Jadon92@hotmail.com,Nyasia.Leannon83@hotmail.com,18/7/41,,FALSE
BNE0040,Jannie,Gulgowski,,名40,施,M,1,Greenholt Manors,New Keaton,QLD,7752,xxxxxxxxxx,xxxxxxxxxx,Clay12@gmail.com,Lynn.Jaskolski@hotmail.com,8/11/60,,FALSE
BNE0041,Betty,Lueilwitz,,名41,施,M,1,Domenica Port,Corwinberg,QLD,1378,xxxxxxxxxx,xxxxxxxxxx,Rolando.Kovacek21@yahoo.com,Herta.Labadie@gmail.com,20/10/61,,FALSE
BNE0042,Derrick,Friesen,,名42,楊,M,6,Hank Valley,East Bridgette,QLD,4761,xxxxxxxxxx,xxxxxxxxxx,Nyah_OConnell91@yahoo.com,Kareem.Schimmel@hotmail.com,18/1/49,,FALSE
BNE0043,Berry,Quitzon,,名43,邵,M,1,Hank Valley,East Bridgette,QLD,4761,xxxxxxxxxx,,,,12/9/75,,FALSE
BNE0044,Juanita,Fay,,名44,楊,F,7,Emard Drives,South Zita,QLD,8386,xxxxxxxxxx,xxxxxxxxxx,,Montana75@gmail.com,23/11/88,,TRUE
BNE0045,Maeve,Walter,,名45,楊,M,7,Kelli Overpass,Port Jammie,QLD,2212,xxxxxxxxxx,,,Bo_Sporer20@gmail.com,20/6/13,,TRUE
BNE0046,Arturo,Shanahan,,名46,楊,M,1,Hank Valley,East Bridgette,QLD,4761,,xxxxxxxxxx,Jefferey26@gmail.com,Leann.Heaney@hotmail.com,20/10/15,,FALSE
BNE0047,Brando,Abshire,,名47,邵,F,2,Leif Street,Port Lennaport,QLD,0060,,xxxxxxxxxx,Justice_Abernathy6@gmail.com,,9/0/6,,FALSE
BNE0048,Casper,Keebler,,名48,江,M,1,Leif Street,Port Lennaport,QLD,0060,,xxxxxxxxxx,,,12/7/4,,FALSE
BNE0049,Elvera,Franecki,,名49,邵,F,1,Axel Rest,Barrowshaven,QLD,5137,xxxxxxxxxx,xxxxxxxxxx,Madaline.Hackett76@hotmail.com,Adolph.Lockman70@hotmail.com,25/7/55,,FALSE
BNE0050,Ora,Konopelski,,名50,邵,F,1,Leif Street,Port Lennaport,QLD,0060,,xxxxxxxxxx,Nikki.Goodwin@yahoo.com,Maurine.Cruickshank@gmail.com,30/7/70,,FALSE
BNE0051,Wilbert,Collins,,名51,邵,M,2,White Shoals,New Trentonville,QLD,6051,xxxxxxxxxx,xxxxxxxxxx,Gloria_Runte@hotmail.com,Heath74@gmail.com,15/5/70,,FALSE
BNE0052,Jayne,Terry,,名52,余,M,1,White Shoals,New Trentonville,QLD,6051,xxxxxxxxxx,xxxxxxxxxx,,,16/8/19,,FALSE
BNE0053,Aidan,Runolfsdottir,,名53,邵,M,1,White Shoals,New Trentonville,QLD,6051,xxxxxxxxxx,xxxxxxxxxx,Vita_Mann58@gmail.com,Trevion.DuBuque@yahoo.com,21/8/80,,FALSE
BNE0054,Bart,Walsh,,名54,邵,M,7,White Shoals,New Trentonville,QLD,6051,xxxxxxxxxx,xxxxxxxxxx,Magdalena_Lowe15@gmail.com,Alyson.Prohaska3@yahoo.com,15/3/52,,FALSE
BNE0055,Dandre,Beahan,,名55,柯,F,1,General Springs,Port Hudson,QLD,4140,xxxxxxxxxx,xxxxxxxxxx,,,29/8/43,,FALSE
BNE0056,Adam,Pfannerstill,,名56,周,F,1,Celestino Motorway,West Rogersshire,QLD,1549,xxxxxxxxxx,,,,5/2/93,,FALSE
BNE0057,Eula,Hermiston,,名57,柯,F,1,Lind Isle,Port Layneshire,QLD,6321,,xxxxxxxxxx,Danial25@yahoo.com,Kyler.Rice87@gmail.com,23/0/68,,FALSE
BNE0058,Robin,McClure,,名58,柯,M,1,Joesph Isle,Hermannfort,QLD,4543,xxxxxxxxxx,xxxxxxxxxx,Winston_Leffler@gmail.com,Allen_Stehr23@hotmail.com,25/0/1,,FALSE
BNE0059,Velma,Legros,,名59,梁,F,2,Rodriguez Squares,West Mayramouth,QLD,9261,xxxxxxxxxx,,,,4/3/77,,FALSE
BNE0060,Broderick,Heidenreich,,名60,江,F,7,Rodriguez Squares,West Mayramouth,QLD,9261,xxxxxxxxxx,,,,29/10/40,,FALSE
BNE0061,Gabe,Johnston,,名61,梁,F,7,Rodriguez Squares,West Mayramouth,QLD,9261,,,Carli.Reilly59@hotmail.com,Delilah_Sauer88@hotmail.com,7/6/85,,TRUE
BNE0062,Hardy,Witting,,名62,梁,M,1,Brandi Rapids,North Hermina,QLD,5258,,xxxxxxxxxx,Lilliana_Greenfelder18@gmail.com,Jaylen.Lesch@gmail.com,25/6/88,,FALSE
BNE0063,Maria,Goyette,,名63,楊,M,7,Lewis Circle,East Roger,QLD,1689,xxxxxxxxxx,,,,23/3/86,,TRUE
BNE0064,Alexanne,Stark,,名64,孫,M,7,Lewis Circle,East Roger,QLD,1689,xxxxxxxxxx,,,,8/8/0,,TRUE
BNE0065,Khalil,Parisian,,名65,楊,F,7,Lewis Circle,East Roger,QLD,1689,xxxxxxxxxx,xxxxxxxxxx,,,7/7/46,,TRUE
BNE0066,Roxanne,Altenwerth,,名66,楊,M,7,Lewis Circle,East Roger,QLD,1689,xxxxxxxxxx,,,,14/5/94,,TRUE
BNE0067,Mabel,Yundt,,名67,楊,F,7,Lewis Circle,East Roger,QLD,1689,xxxxxxxxxx,,,,10/2/97,,TRUE
BNE0068,Kelvin,Pfeffer,,名68,楊,F,7,Lewis Circle,East Roger,QLD,1689,xxxxxxxxxx,,,,25/1/84,,TRUE
BNE0069,Juliana,Berge,,名69,劉,F,1,Jaskolski Ford,West Billie,QLD,5058,xxxxxxxxxx,xxxxxxxxxx,Wilhelmine16@hotmail.com,Antwon23@hotmail.com,23/7/12,,FALSE
BNE0070,Jorge,Wuckert,Jaycee,名70,戴,M,1,Jaskolski Ford,West Billie,QLD,5058,xxxxxxxxxx,,Jana_Brown76@gmail.com,Alicia61@hotmail.com,4/5/85,,FALSE
BNE0071,Faustino,Fisher,,名71,劉,F,7,Jaskolski Ford,West Billie,QLD,5058,xxxxxxxxxx,xxxxxxxxxx,Jerad.Koelpin@hotmail.com,Keshawn15@yahoo.com,25/9/85,,FALSE
BNE0072,Clemmie,Reynolds,,名72,劉,F,7,Jaskolski Ford,West Billie,QLD,5058,xxxxxxxxxx,xxxxxxxxxx,Art8@gmail.com,Brandyn8@hotmail.com,16/2/0,,FALSE
BNE0073,Darrin,Prosacco,,名73,劉,F,7,Jaskolski Ford,West Billie,QLD,5058,xxxxxxxxxx,,Ena99@yahoo.com,Cory89@gmail.com,30/8/82,,FALSE
BNE0074,Cassandra,Mosciski,,名74,盛,F,7,Koepp Junction,East Shanon,QLD,3821,xxxxxxxxxx,xxxxxxxxxx,,,13/0/43,,FALSE
BNE0075,Bryce,Hodkiewicz,,名75,陳,M,7,Koepp Junction,East Shanon,QLD,3821,xxxxxxxxxx,,,,15/5/93,,FALSE
BNE0076,Aida,Hodkiewicz,,名76,盛,F,7,Asia Walks,Seanburgh,QLD,0293,xxxxxxxxxx,xxxxxxxxxx,,,8/4/92,,FALSE
BNE0077,Desmond,Miller,,名77,盛,F,7,Koepp Junction,East Shanon,QLD,3821,xxxxxxxxxx,,,,25/4/56,,FALSE
BNE0078,Delaney,Ortiz,,名78,盛,M,7,Koepp Junction,East Shanon,QLD,3821,xxxxxxxxxx,,,,16/5/84,,FALSE
BNE0079,Edmund,Leffler,,名79,盛,M,7,Koepp Junction,East Shanon,QLD,3821,xxxxxxxxxx,xxxxxxxxxx,,Braxton_Connelly75@yahoo.com,19/7/10,,FALSE
BNE0080,Chadd,Franecki,,名80,盛,M,7,Koepp Junction,East Shanon,QLD,3821,,xxxxxxxxxx,,,28/9/98,,FALSE
BNE0081,Geo,Hettinger,,名81,陳,M,1,Pattie Islands,Lavernahaven,QLD,5709,xxxxxxxxxx,xxxxxxxxxx,Enrique.Hansen@gmail.com,Otha_Bashirian64@yahoo.com,5/2/11,,FALSE
BNE0082,Eldred,Murray,,名82,張,M,1,Pattie Islands,Lavernahaven,QLD,5709,xxxxxxxxxx,xxxxxxxxxx,,,20/5/72,,FALSE
BNE0083,Helmer,Donnelly,,名83,張,M,7,Huel Lights,South Hilbertmouth,QLD,3554,xxxxxxxxxx,,,,20/2/99,,TRUE
BNE0084,Abby,Stiedemann,,名84,張,F,7,Huel Lights,South Hilbertmouth,QLD,3554,xxxxxxxxxx,,,,16/11/59,,TRUE
BNE0085,Malika,Greenfelder,,名85,張,M,1,Consuelo Way,North Eldonchester,QLD,0506,xxxxxxxxxx,xxxxxxxxxx,,Irma_Mitchell@gmail.com,26/1/78,,FALSE
BNE0086,Bailey,Herzog,,名86,趙,F,1,Consuelo Way,North Eldonchester,QLD,0506,xxxxxxxxxx,,,,25/5/46,,FALSE
BNE0087,Samara,Brown,,名87,張,M,7,Consuelo Way,North Eldonchester,QLD,0506,xxxxxxxxxx,xxxxxxxxxx,,Janessa.Bergstrom@gmail.com,30/7/64,,TRUE
BNE0088,Kris,Rowe,,名88,林,F,7,Consuelo Way,North Eldonchester,QLD,0506,xxxxxxxxxx,,,Zena_Pfannerstill@hotmail.com,29/11/76,,TRUE
BNE0089,Kirstin,Bechtelar,,名89,陳,F,6,Maxie Common,Koelpinborough,QLD,5200,xxxxxxxxxx,xxxxxxxxxx,Cielo.Haley@gmail.com,Mafalda53@gmail.com,2/10/9,,FALSE
BNE0090,Duane,Metz,,名90,楊,M,1,Maxie Common,Koelpinborough,QLD,5200,xxxxxxxxxx,,,,25/4/93,,FALSE
BNE0091,Arlie,Lakin,,名91,陳,F,1,Armstrong Forge,Luzmouth,QLD,2342,xxxxxxxxxx,xxxxxxxxxx,Shyanne30@yahoo.com,Kayli.Greenfelder@gmail.com,12/2/88,,FALSE
BNE0092,Rosario,Heaney,Pasquale,名92,郭,F,7,Jace Orchard,Lake Estrella,QLD,6995,xxxxxxxxxx,,,,29/10/71,,TRUE
BNE0093,Gilberto,McCullough,,名93,李,M,7,Jace Orchard,Lake Estrella,QLD,6995,xxxxxxxxxx,,,,2/10/7,,TRUE
BNE0094,Freeda,Wyman,Lois,名94,郭,F,1,Jace Orchard,Lake Estrella,QLD,6995,xxxxxxxxxx,xxxxxxxxxx,Sadie_Connelly51@gmail.com,Annetta.Mitchell5@yahoo.com,16/5/93,,FALSE
BNE0095,Bryon,Wuckert,Stephon,名95,郭,M,7,Hammes Wells,Hershelhaven,QLD,4188,,,,,10/5/4,,TRUE
BNE0096,Chesley,Koepp,Jaqueline,名96,郭,M,7,Jace Orchard,Lake Estrella,QLD,6995,xxxxxxxxxx,,,Gracie27@gmail.com,15/9/61,,TRUE
BNE0097,Cory,Keebler,,名97,黃,F,7,Mayert Circles,West Martinborough,QLD,5486,xxxxxxxxxx,,,,25/11/77,,FALSE
BNE0098,Reuben,Konopelski,,名98,陳,F,7,Hammes Wells,Hershelhaven,QLD,4188,,,,,19/5/4,,TRUE
BNE0099,Hermina,Kohler,Erin,名99,胡,M,1,Ullrich Plains,Krystalview,QLD,0783,,xxxxxxxxxx,,Jamie83@gmail.com,29/3/19,,FALSE
BNE0100,Leonie,Lindgren,,名100,陳,F,1,Hudson Fords,Cameronborough,QLD,4273,,xxxxxxxxxx,Alejandrin68@hotmail.com,Virgie.Cartwright@hotmail.com,27/7/79,,FALSE
BNE0101,Darren,Abshire,,名101,許,M,7,Shirley Harbor,North Helmer,QLD,5137,xxxxxxxxxx,xxxxxxxxxx,,,26/10/18,,FALSE
BNE0102,Ike,Kuhn,,名102,黃,M,7,Shirley Harbor,North Helmer,QLD,5137,xxxxxxxxxx,,,,22/5/73,,FALSE
BNE0103,Casandra,Keebler,,名103,許,M,7,Shirley Harbor,North Helmer,QLD,5137,xxxxxxxxxx,,,,12/6/80,,FALSE
BNE0104,Vance,Towne,,名104,柯,M,7,Belle Shoals,Port Waldo,QLD,5509,xxxxxxxxxx,,,Arnold45@hotmail.com,24/2/92,,TRUE
BNE0105,Dayton,Mann,,名105,林,F,7,Belle Shoals,Port Waldo,QLD,5509,xxxxxxxxxx,,,,13/0/4,,TRUE
BNE0106,Maymie,Luettgen,,名106,柯,M,7,Belle Shoals,Port Waldo,QLD,5509,xxxxxxxxxx,,,,20/4/91,,TRUE
BNE0107,Misael,Rempel,Kennedi,名107,陳,M,7,Mohr Islands,Port Maudechester,QLD,7075,xxxxxxxxxx,,,,25/7/1,,FALSE
BNE0108,Augusta,Mohr,,名108,郭,M,7,Mohr Islands,Port Maudechester,QLD,7075,xxxxxxxxxx,,,,8/6/98,,FALSE
BNE0109,Raphael,Zboncak,,名109,陳,F,7,Juvenal Fork,Lake Paris,QLD,1683,xxxxxxxxxx,,,,10/4/59,,FALSE
BNE0110,Nannie,Moore,,名110,陳,M,7,Fisher Walks,Alvahchester,QLD,2468,,xxxxxxxxxx,Jamie.Parker@gmail.com,,19/0/94,,FALSE
BNE0111,Raoul,Bogan,,名111,李,F,7,Margret Islands,Larsontown,QLD,5195,xxxxxxxxxx,,,,7/7/50,,TRUE
BNE0112,Trudie,Kilback,,名112,黃,F,7,Koss Road,East Rocio,QLD,5407,xxxxxxxxxx,,,,21/5/1,,TRUE
BNE0113,Ozella,Stoltenberg,,名113,吳,F,1,Koss Road,East Rocio,QLD,5407,xxxxxxxxxx,,,,13/5/99,,TRUE
BNE0114,Serenity,Gusikowski,,名114,王,M,1,Koss Road,East Rocio,QLD,5407,xxxxxxxxxx,xxxxxxxxxx,,,9/11/61,,FALSE
BNE0115,Shaina,Leuschke,,名115,吳,F,7,Koss Road,East Rocio,QLD,5407,xxxxxxxxxx,,,,1/4/91,,TRUE
BNE0116,Zella,Kris,,名116,劉,F,1,Zulauf Inlet,Turnerview,QLD,4027,xxxxxxxxxx,xxxxxxxxxx,Isadore82@yahoo.com,Friedrich.Stiedemann47@gmail.com,20/8/58,,FALSE
BNE0117,Keira,Gusikowski,,名117,王,F,1,Delores Point,Glennieton,QLD,7232,,,,,30/5/68,,FALSE
BNE0118,Carmela,Von,,名118,嵇,F,1,Payton Lodge,West Roderick,QLD,6219,xxxxxxxxxx,xxxxxxxxxx,Coralie.Stamm10@gmail.com,Lola_Howell77@gmail.com,15/1/86,,FALSE
BNE0119,Francisco,Mueller,,名119,童,M,7,Casper Roads,Philipberg,QLD,8551,xxxxxxxxxx,xxxxxxxxxx,Toby.Lakin57@gmail.com,Barrett0@gmail.com,19/5/65,,TRUE
BNE0120,Randal,MacGyver,,名120,李,F,1,Bernier Trace,North Wainomouth,QLD,4464,xxxxxxxxxx,xxxxxxxxxx,Tommie_Nienow4@gmail.com,Rasheed.Kulas96@hotmail.com,15/10/67,,FALSE
BNE0121,Neva,Murray,,名121,李,M,1,Bernier Trace,North Wainomouth,QLD,4464,xxxxxxxxxx,xxxxxxxxxx,,Felicity.Weissnat43@yahoo.com,5/2/10,,FALSE
BNE0122,Alberta,Graham,,名122,李,M,1,Bernier Trace,North Wainomouth,QLD,4464,xxxxxxxxxx,xxxxxxxxxx,Dorian_Aufderhar8@hotmail.com,Myrl88@yahoo.com,26/7/6,,FALSE
BNE0123,Kaitlin,Mohr,,名123,李,M,1,Bernier Trace,North Wainomouth,QLD,4464,xxxxxxxxxx,xxxxxxxxxx,Wanda_Labadie34@hotmail.com,Brant.Strosin15@hotmail.com,6/7/56,,FALSE
BNE0124,Scotty,Stark,,名124,黃,M,7,Lonzo Shore,Corneliuston,QLD,1161,xxxxxxxxxx,xxxxxxxxxx,,Daija4@yahoo.com,17/10/93,,TRUE
BNE0125,Al,Ondricka,Arturo,名125,王,F,7,Lonzo Shore,Corneliuston,QLD,1161,xxxxxxxxxx,xxxxxxxxxx,,,15/4/61,,TRUE
BNE0126,Annetta,Morissette,,名126,黃,F,7,Lonzo Shore,Corneliuston,QLD,1161,xxxxxxxxxx,,,,18/0/99,,TRUE
BNE0127,Bertha,Wiegand,Camylle,名127,張,M,7,Claudine Hill,East Lelahaven,QLD,2755,xxxxxxxxxx,,,,16/4/43,,FALSE
BNE0128,Clare,Friesen,,名128,陳,M,1,Ford Parkway,North Macyfort,QLD,8926,xxxxxxxxxx,xxxxxxxxxx,,,31/0/98,,FALSE
BNE0129,Lonnie,Gorczany,,名129,陳,F,1,Ford Parkway,North Macyfort,QLD,8926,xxxxxxxxxx,xxxxxxxxxx,Hoyt92@hotmail.com,Serena_Jerde39@gmail.com,19/0/75,,FALSE
BNE0130,Ava,Keebler,,名130,陳,M,1,Ford Parkway,North Macyfort,QLD,8926,xxxxxxxxxx,xxxxxxxxxx,,,4/8/76,,FALSE
BNE0131,Rocky,O'Hara,,名131,陳,F,1,Ford Parkway,North Macyfort,QLD,8926,xxxxxxxxxx,xxxxxxxxxx,Angel68@gmail.com,Stanton.Beer@hotmail.com,19/5/65,,FALSE
BNE0132,Darrel,Veum,,名132,林,M,1,Marina Circle,Maggioview,QLD,9592,xxxxxxxxxx,xxxxxxxxxx,Armani.Lehner46@yahoo.com,,24/3/50,,FALSE
BNE0133,Agustin,Yost,,名133,楊,F,7,Gladys Drives,New Johnsonville,QLD,8291,,xxxxxxxxxx,,Deion_Gislason@gmail.com,5/6/88,,TRUE
BNE0134,Neoma,Lockman,,名134,羅,F,3,Rodriguez Squares,West Mayramouth,QLD,9261,,xxxxxxxxxx,,Marcella_Conn76@yahoo.com,26/3/67,,TRUE
BNE0135,Walton,Bartoletti,,名135,張,F,1,Lind Isle,Port Layneshire,QLD,6321,,xxxxxxxxxx,Lilly_Brakus34@gmail.com,Lavern.Bechtelar94@yahoo.com,8/1/85,,FALSE
BNE0136,Alize,Boyer,,名136,黃,F,3,Hammes Wells,Hershelhaven,QLD,4188,,,,,26/2/48,,TRUE
BNE0137,Eric,Hirthe,,名137,陳,F,7,Trantow View,New Paulineland,QLD,1409,,xxxxxxxxxx,Doug_Botsford88@gmail.com,Ethyl_Franecki@hotmail.com,11/6/72,,TRUE
BNE0138,Macy,Legros,,名138,吳,M,1,Hudson Fords,Cameronborough,QLD,4273,,xxxxxxxxxx,Mariam_Fritsch13@hotmail.com,Ludie62@gmail.com,22/5/14,,FALSE
BNE0139,Estrella,Ondricka,,名139,陳,F,7,Rohan Fords,South Berylhaven,QLD,0461,xxxxxxxxxx,xxxxxxxxxx,,Jerod_Hackett26@hotmail.com,9/1/92,,FALSE
BNE0140,Sean,Ernser,,名140,楊,F,3,Maude Forges,South Claudton,QLD,4987,xxxxxxxxxx,xxxxxxxxxx,,Gregorio36@yahoo.com,16/5/99,,TRUE
BNE0141,Aisha,Jacobs,,名141,楊,M,3,Jay Park,Weberchester,QLD,3300,,xxxxxxxxxx,Maxine_Russel51@hotmail.com,Gudrun.Abshire33@yahoo.com,14/6/83,,TRUE
BNE0142,Aniya,Lowe,,名142,楊,F,3,Darion Port,New Taureanside,QLD,7299,xxxxxxxxxx,xxxxxxxxxx,,,23/6/80,,TRUE
BNE0143,Cassidy,Kozey,,名143,曹,M,3,Marvin Isle,Odafort,QLD,8800,,xxxxxxxxxx,,Jazmin20@yahoo.com,19/0/42,,TRUE
BNE0144,Arturo,Frami,,名144,時,M,1,Greenholt Manors,New Keaton,QLD,7752,xxxxxxxxxx,xxxxxxxxxx,Jackson_Sanford83@hotmail.com,Alayna_Gislason@hotmail.com,6/0/94,,FALSE
BNE0145,Lola,Spinka,,名145,薛,F,1,McKenzie Field,Port Alenehaven,QLD,9025,,xxxxxxxxxx,Florian40@gmail.com,Gabe.Pacocha62@hotmail.com,11/10/0,,FALSE
BNE0146,Hildegard,Kuhlman,,名146,陳,M,1,McKenzie Field,Port Alenehaven,QLD,9025,,xxxxxxxxxx,Hazel_Turcotte23@gmail.com,Cory42@hotmail.com,23/0/94,,FALSE
BNE0147,Zelda,Jast,,名147,薛,F,1,McKenzie Field,Port Alenehaven,QLD,9025,,xxxxxxxxxx,Fern43@gmail.com,Salma95@yahoo.com,3/1/60,,FALSE
BNE0148,Rowena,Koch,,名148,薛,M,1,McKenzie Field,Port Alenehaven,QLD,9025,,xxxxxxxxxx,Prince_Mosciski53@hotmail.com,Ofelia.Nader95@gmail.com,12/3/90,,FALSE
BNE0149,Alivia,Bergnaum,,名149,鍾,F,1,Wyman Mountains,Nolanchester,QLD,2855,xxxxxxxxxx,xxxxxxxxxx,,,14/3/55,,FALSE
BNE0150,Lisa,Bailey,,名150,鄭,F,3,Adella Light,North Gabebury,QLD,0515,,xxxxxxxxxx,,Jovan.Zieme72@yahoo.com,15/5/98,,TRUE
BNE0151,Leonardo,Ankunding,,名151,張,F,3,Predovic Park,Lake Morgan,QLD,6136,xxxxxxxxxx,xxxxxxxxxx,,Eulah.Schoen@gmail.com,31/7/91,,TRUE
BNE0152,Jewell,Witting,,名152,黃,M,1,Ledner Freeway,Heloisehaven,QLD,6503,,xxxxxxxxxx,Karianne30@hotmail.com,Colt.Hintz54@hotmail.com,25/10/61,,FALSE
BNE0153,Beulah,Von,,名153,蔡,F,3,Predovic Park,Lake Morgan,QLD,6136,xxxxxxxxxx,xxxxxxxxxx,,Brown_Ratke15@gmail.com,9/11/66,,TRUE
BNE0154,Manuel,Gutkowski,Andrew,名154,梁,M,1,Cruickshank Meadows,Lebsackmouth,QLD,8685,xxxxxxxxxx,xxxxxxxxxx,Elise_Mayer@hotmail.com,Lawson.Walsh@hotmail.com,1/9/62,,FALSE
BNE0155,Gerard,Hettinger,,名155,林,F,1,Cruickshank Meadows,Lebsackmouth,QLD,8685,xxxxxxxxxx,xxxxxxxxxx,Trinity_Walker@gmail.com,Enos89@hotmail.com,10/1/88,,FALSE
BNE0156,Gaylord,Monahan,Osborne,名156,梁,F,1,Cruickshank Meadows,Lebsackmouth,QLD,8685,xxxxxxxxxx,xxxxxxxxxx,Lonny.Brakus43@hotmail.com,Vergie2@gmail.com,19/9/66,,FALSE
BNE0157,Cora,Schuppe,,名157,馬,F,3,Jennyfer Stravenue,Ortizburgh,QLD,1421,xxxxxxxxxx,xxxxxxxxxx,,Cristal.Gutmann@hotmail.com,13/11/66,,TRUE
BNE0158,Vinnie,Sauer,Adeline,名158,劉,M,3,Beryl Stream,New Lavina,QLD,7003,xxxxxxxxxx,xxxxxxxxxx,Lillian.Russel66@gmail.com,Sophie_Towne43@gmail.com,29/6/47,,TRUE
BNE0159,Ollie,Boehm,,,,M,3,Patricia Plains,Normafort,QLD,7222,xxxxxxxxxx,,,,27/1/1,,TRUE
BNE0160,Linnie,Pagac,,名160,張,F,7,Bruen Ranch,East Sheridanton,QLD,7221,xxxxxxxxxx,,,,25/10/62,,FALSE
BNE0161,Anika,Farrell,,名161,黃,M,7,Claudine Hill,East Lelahaven,QLD,2755,xxxxxxxxxx,,,,15/11/57,,FALSE
BNE0162,Cassandre,Prohaska,,名162,張,F,7,Claudine Hill,East Lelahaven,QLD,2755,xxxxxxxxxx,,,,8/3/46,,FALSE
BNE0163,Joy,McCullough,,名163,張,M,7,Claudine Hill,East Lelahaven,QLD,2755,xxxxxxxxxx,,,,28/9/92,,FALSE
BNE0164,Bethel,Abbott,,名164,鄭,F,7,Marina Circle,Maggioview,QLD,9592,xxxxxxxxxx,xxxxxxxxxx,Foster10@yahoo.com,Adan4@gmail.com,20/2/50,,FALSE
BNE0165,Giovanny,McDermott,,名165,鄭,F,1,Marina Circle,Maggioview,QLD,9592,xxxxxxxxxx,xxxxxxxxxx,Cassie_Borer@hotmail.com,Tremaine16@hotmail.com,12/3/3,,FALSE
BNE0166,Gabriel,Gorczany,,名166,李,F,1,Bernier Trace,North Wainomouth,QLD,4464,xxxxxxxxxx,,,,18/6/67,,FALSE
BNE0167,Tracey,Wisoky,,名167,葉,M,7,Dickinson Flats,Hipolitoland,QLD,0179,xxxxxxxxxx,xxxxxxxxxx,,Jaydon_Ruecker28@gmail.com,13/8/3,,TRUE
BNE0168,Hipolito,Schaefer,,名168,李,M,3,Trantow View,New Paulineland,QLD,1409,,xxxxxxxxxx,,Constantin_Mitchell@hotmail.com,29/4/41,,TRUE
BNE0169,Madilyn,Olson,,名169,許,F,1,Melba Court,Gusikowskiborough,QLD,3615,xxxxxxxxxx,xxxxxxxxxx,,,9/5/98,,FALSE
BNE0170,Unique,Turner,,名170,柯,F,1,Melba Court,Gusikowskiborough,QLD,3615,xxxxxxxxxx,xxxxxxxxxx,Savion.Kuhic13@yahoo.com,Natasha30@yahoo.com,14/10/51,,FALSE
BNE0171,Patricia,Powlowski,,名171,鄭,F,1,Marina Circle,Maggioview,QLD,9592,xxxxxxxxxx,xxxxxxxxxx,Morris_Lockman15@gmail.com,Gaetano20@yahoo.com,30/5/10,,FALSE
BNE0172,Lee,Davis,,,,F,9,Mayert Circles,West Martinborough,QLD,5486,xxxxxxxxxx,,,,22/2/64,,FALSE
BNE0173,Kaylie,Pouros,,名173,陳,F,7,Floyd Courts,O'Connellmouth,QLD,7034,xxxxxxxxxx,,,Jason_Bogan@gmail.com,12/11/62,,FALSE
BNE0174,Coralie,Miller,,,,M,7,Hammes Wells,Hershelhaven,QLD,4188,,,,,22/1/15,,TRUE
BNE0175,Reilly,Reilly,,名175,許,F,1,Armstrong Forge,Luzmouth,QLD,2342,xxxxxxxxxx,xxxxxxxxxx,Benton_Swaniawski@gmail.com,Kelley.Labadie10@hotmail.com,16/3/57,,FALSE
BNE0176,Beatrice,Bailey,,名176,張,M,7,Consuelo Way,North Eldonchester,QLD,0506,,,,,17/4/77,,TRUE
BNE0177,Gladys,Prosacco,,名177,楊,M,7,Hammes Wells,Hershelhaven,QLD,4188,,xxxxxxxxxx,Darrel_Spinka@yahoo.com,Sonia76@hotmail.com,26/9/93,,TRUE
BNE0178,Gennaro,DuBuque,Akeem,名178,蔡,M,7,Fay Mountains,Bernadetteton,QLD,1251,,xxxxxxxxxx,Retta_Pouros72@hotmail.com,Maynard35@yahoo.com,22/0/84,,FALSE
BNE0179,Ethan,Grady,,名179,陳,M,7,Hammes Wells,Hershelhaven,QLD,4188,,,,,26/2/99,,TRUE
BNE0180,Lela,Cummerata,,名180,陳,M,7,Hammes Wells,Hershelhaven,QLD,4188,,,,,29/11/84,,TRUE
BNE0181,Addie,Heidenreich,Velva,名181,陳,M,7,Hammes Wells,Hershelhaven,QLD,4188,,,,,18/10/15,,TRUE
BNE0182,Raphaelle,Emmerich,,名182,陳,F,3,Kristy Forks,Lake Joanyhaven,QLD,8114,,xxxxxxxxxx,,Sam59@yahoo.com,24/10/96,,TRUE
BNE0183,Juliana,Stanton,,名183,林,F,3,Franecki Underpass,South Jaunitaview,QLD,2957,xxxxxxxxxx,xxxxxxxxxx,,Jeanette73@gmail.com,25/2/82,,TRUE
BNE0184,Charity,Hartmann,Taya,名184,梁,M,1,Cruickshank Meadows,Lebsackmouth,QLD,8685,xxxxxxxxxx,,,,22/0/70,,FALSE
BNE0185,Guadalupe,Leannon,,名185,許,F,1,Lockman Village,North Danechester,QLD,8071,xxxxxxxxxx,xxxxxxxxxx,Lester_Upton@yahoo.com,Jay_Johnston@gmail.com,22/9/45,,FALSE
BNE0186,Bulah,Nikolaus,,名186,劉,F,1,Lockman Village,North Danechester,QLD,8071,xxxxxxxxxx,xxxxxxxxxx,Destany90@gmail.com,Frances2@gmail.com,13/3/72,,FALSE
BNE0187,Annette,Gislason,,名187,葉,F,1,Volkman View,South Shaina,QLD,0200,xxxxxxxxxx,xxxxxxxxxx,,Brannon.Kessler18@yahoo.com,23/5/54,,FALSE
BNE0188,Leola,Pouros,,名188,张,F,1,Harvey Mews,New Madge,QLD,5354,xxxxxxxxxx,xxxxxxxxxx,Lavon.Hudson@gmail.com,Allie.Kilback91@yahoo.com,19/11/68,,FALSE
BNE0189,Ray,Crooks,,,,M,3,Hills Pass,West Tayaport,QLD,2312,,xxxxxxxxxx,,Kobe62@yahoo.com,14/8/61,,FALSE
BNE0190,Nat,Zemlak,Cheyanne,名190,李,F,3,Tremblay Row,South Akeem,QLD,9212,xxxxxxxxxx,xxxxxxxxxx,,Cordell37@gmail.com,1/10/99,,TRUE
BNE0191,Granville,Hauck,Cleora,名191,蔡,F,7,Rodriguez Squares,West Mayramouth,QLD,9261,,xxxxxxxxxx,,Katelynn39@gmail.com,24/1/1,,TRUE
BNE0192,Mathilde,Auer,Jeanne,名192,趙,F,1,Metz Knolls,Larsonburgh,QLD,3463,,xxxxxxxxxx,Keshaun_Johnson@yahoo.com,Jonathan.Schinner@gmail.com,10/4/59,,FALSE
BNE0193,Icie,Schuster,,名193,林,M,3,Micaela Bypass,Lake Elyse,QLD,0904,,xxxxxxxxxx,,Arturo_Schultz64@hotmail.com,12/6/5,,TRUE
BNE0194,Ricky,Breitenberg,,名194,張,M,7,Hammes Wells,Hershelhaven,QLD,4188,,,,,9/3/13,,TRUE
BNE0195,Mason,Turner,,名195,郭,M,1,Jace Orchard,Lake Estrella,QLD,6995,xxxxxxxxxx,xxxxxxxxxx,Veronica.Renner@hotmail.com,Darrin56@hotmail.com,30/3/55,,FALSE
BNE0196,Theresia,Bergstrom,,名196,柯,F,1,Lind Isle,Port Layneshire,QLD,6321,,xxxxxxxxxx,,Oma.Marks@hotmail.com,21/3/48,,FALSE
BNE0197,Omari,Gutmann,,名197,戴,M,1,Stephon Pines,West Corneliusstad,QLD,7955,,xxxxxxxxxx,Jasen.Kuphal@hotmail.com,Adelia63@yahoo.com,11/0/77,,FALSE
BNE0198,Garry,Armstrong,,名198,楊,F,1,Zaria Squares,West Geo,QLD,9490,,xxxxxxxxxx,Javonte69@gmail.com,Dillan_Hermiston58@gmail.com,17/8/3,,FALSE
BNE0199,Rowland,Hirthe,,名199,陳,M,1,Ken Mount,Lake Borisstad,QLD,7111,xxxxxxxxxx,xxxxxxxxxx,Coty.Corkery76@hotmail.com,Roma_Donnelly@yahoo.com,5/3/68,,FALSE
BNE0200,Timmothy,Considine,,名200,蔡,F,1,Ken Mount,Lake Borisstad,QLD,7111,xxxxxxxxxx,xxxxxxxxxx,Christ_Erdman@gmail.com,Terrill65@yahoo.com,11/9/88,,FALSE
BNE0201,Carlos,Langosh,,名201,吳,F,3,Toy Terrace,Rennerborough,QLD,7515,,xxxxxxxxxx,Alexander.Volkman47@hotmail.com,Darryl.Goldner@yahoo.com,3/8/0,,TRUE
BNE0202,Laurine,Ward,,名202,石,M,2,Shanelle Knolls,O'Connellview,QLD,8790,,xxxxxxxxxx,,June23@gmail.com,25/2/71,,TRUE
BNE0203,Lafayette,Langworth,,,,M,2,Lehner Walk,Littelside,QLD,9958,xxxxxxxxxx,xxxxxxxxxx,,Elwyn_Beatty@hotmail.com,10/4/54,,TRUE
BNE0204,Darby,Roob,,,陳,M,3,Darrel Fort,Port Otiliaburgh,QLD,1521,,xxxxxxxxxx,,Rachelle.Johns87@gmail.com,2/1/2,,TRUE
BNE0205,Myrna,Crooks,,名205,陳,M,1,Fisher Walks,Alvahchester,QLD,2468,,,,,17/1/46,,FALSE
BNE0206,Ashtyn,Wilderman,,,,M,3,Trevion Skyway,Domingobury,QLD,2490,,xxxxxxxxxx,,Nikki.Huel88@gmail.com,22/0/73,,TRUE
BNE0207,Neal,Gottlieb,Judge,名207,劉,F,1,Janelle Points,Lillianaview,QLD,3236,,xxxxxxxxxx,Jeanette12@hotmail.com,Waldo.Ritchie@gmail.com,7/3/74,,FALSE
BNE0208,Davion,Ledner,,,,F,8,Trevion Skyway,Domingobury,QLD,2490,,xxxxxxxxxx,,Wade.Gleichner@yahoo.com,30/10/75,,TRUE
BNE0209,Keith,Bergstrom,,,,M,8,Hammes Wells,Hershelhaven,QLD,4188,,xxxxxxxxxx,,,3/0/4,,TRUE
BNE0210,Hyman,Tillman,,名210,李,M,3,Ivory Motorway,Gulgowskiborough,QLD,5964,,xxxxxxxxxx,Cassie.Wolff@hotmail.com,Danyka10@gmail.com,4/8/16,,TRUE
BNE0211,Isai,Gutmann,,名211,李,M,8,Donavon Knolls,North Vance,QLD,8021,xxxxxxxxxx,xxxxxxxxxx,,Kaylin.Dach@hotmail.com,27/11/46,,TRUE
BNE0212,Deangelo,Hermiston,,名212,李,M,8,Donavon Knolls,North Vance,QLD,8021,xxxxxxxxxx,xxxxxxxxxx,,Camilla_Mayert@gmail.com,26/6/76,,TRUE
BNE0213,Gail,Runolfsson,Era,名213,黃,F,1,Maximus Avenue,East Waldofurt,QLD,5902,,xxxxxxxxxx,Queenie.Doyle63@hotmail.com,Emmett18@hotmail.com,29/5/49,,FALSE
BNE0214,Rasheed,Orn,,名214,譚,M,1,Thalia Fall,Ziemannchester,QLD,2883,xxxxxxxxxx,xxxxxxxxxx,,Domenica6@yahoo.com,7/3/46,,FALSE
BNE0215,Alverta,Paucek,,名215,張,M,1,Luettgen Port,Duanemouth,QLD,4280,xxxxxxxxxx,xxxxxxxxxx,Keeley7@hotmail.com,Gabriella_Hirthe@yahoo.com,10/10/97,,FALSE
BNE0216,Vivianne,King,,名216,陳,M,1,Luettgen Port,Duanemouth,QLD,4280,xxxxxxxxxx,xxxxxxxxxx,Devyn_Abshire@yahoo.com,Mckenna_Hagenes71@yahoo.com,11/1/78,,FALSE
BNE0217,Zechariah,Abshire,,名217,張,M,1,Luettgen Port,Duanemouth,QLD,4280,xxxxxxxxxx,,,,13/8/20,,FALSE
BNE0218,Ahmad,Lakin,,名218,張,M,1,Luettgen Port,Duanemouth,QLD,4280,xxxxxxxxxx,,,,10/1/2,,FALSE
BNE0219,Aniya,Sipes,,名219,李,F,3,Laisha Rapid,Jaysonton,QLD,1769,,xxxxxxxxxx,,Sydnee19@gmail.com,27/2/65,,TRUE
BNE0220,Dominic,Rice,Wendy,名220,王,M,3,Nelle Tunnel,Xanderborough,QLD,5192,,xxxxxxxxxx,,Murl.Glover@gmail.com,31/4/12,,TRUE
BNE0221,Sherwood,Keebler,,名221,施,F,8,Hammes Wells,Hershelhaven,QLD,4188,,xxxxxxxxxx,,Maya10@yahoo.com,21/9/43,,TRUE
BNE0222,Gregory,Pollich,,名222,邵,M,2,Emard Springs,Raeganshire,QLD,0872,xxxxxxxxxx,,,,10/9/0,,TRUE
BNE0223,Alverta,DuBuque,,,,F,2,Hammes Wells,Hershelhaven,QLD,4188,,xxxxxxxxxx,,Delilah3@gmail.com,4/6/20,,TRUE
BNE0224,Kara,Carter,,名224,蔡,F,1,Nathanial Knoll,Janickton,QLD,7507,,xxxxxxxxxx,,Ward_Klein30@hotmail.com,8/11/16,,FALSE
BNE0225,Alyson,Hamill,,,許,M,8,Nathanial Knoll,Janickton,QLD,7507,,,,Jannie_Corkery5@gmail.com,28/8/19,,FALSE
BNE0226,Xander,Kerluke,Gustave,名226,何,M,9,Thalia Walk,Lake Earline,QLD,2536,xxxxxxxxxx,,,,29/5/45,,FALSE
BNE0227,Jose,Kling,,名227,徐,F,1,Joesph Isle,Hermannfort,QLD,4543,xxxxxxxxxx,xxxxxxxxxx,,,10/2/9,,FALSE
BNE0228,Napoleon,Pouros,,名228,洪,M,3,Kennedi Tunnel,North Melbaborough,QLD,1747,,xxxxxxxxxx,,Raheem56@yahoo.com,23/10/65,,TRUE
BNE0229,Xander,Schamberger,,名229,吳,F,3,Toy Terrace,Rennerborough,QLD,7515,,xxxxxxxxxx,Kris.Hammes@yahoo.com,Bernice_Stoltenberg57@hotmail.com,31/11/6,,TRUE
BNE0230,Karelle,Kovacek,,名230,張,F,9,Ledner Freeway,Heloisehaven,QLD,6503,,xxxxxxxxxx,,,26/1/74,,FALSE
BNE0231,Jayson,Russel,,名231,張,F,8,Ledner Freeway,Heloisehaven,QLD,6503,,,,,3/7/13,,FALSE
BNE0232,Rozella,Schneider,,名232,張,F,7,Doyle Highway,Port Adele,QLD,9176,xxxxxxxxxx,,,,15/7/66,,FALSE
BNE0233,Annamae,Veum,,名233,鄭,M,1,Marina Circle,Maggioview,QLD,9592,xxxxxxxxxx,xxxxxxxxxx,,,26/5/51,,FALSE
BNE0234,Antwon,Satterfield,,名234,溫,M,1,Janelle Points,Lillianaview,QLD,3236,,xxxxxxxxxx,,,17/5/92,,FALSE
BNE0235,Rosalee,Anderson,,名235,蔡,M,7,Dicki Mission,Lake Xandertown,QLD,3877,,xxxxxxxxxx,Isabell67@hotmail.com,Max55@gmail.com,14/2/41,,TRUE
BNE0236,Frida,Swift,,名236,盧,M,3,Kieran Place,South Adolfo,QLD,4226,,xxxxxxxxxx,Rosa85@gmail.com,Mikel40@yahoo.com,10/1/97,,TRUE
BNE0237,Dorothea,Terry,,名237,陳,F,9,Steve Spur,North Alfort,QLD,0646,,xxxxxxxxxx,,Arely0@yahoo.com,4/8/62,,TRUE
BNE0238,Krystina,Lesch,,名238,余,M,1,Vernie Drive,North Haylietown,QLD,9211,,xxxxxxxxxx,Jairo_Shanahan74@hotmail.com,Prince41@yahoo.com,6/2/11,,FALSE
BNE0239,Declan,Dickinson,Lew,名239,劉,M,1,Hank Valley,East Bridgette,QLD,4761,,xxxxxxxxxx,Abbigail_Yost52@yahoo.com,Astrid40@gmail.com,27/7/86,,FALSE
BNE0240,Warren,VonRueden,,名240,廖,F,3,Ronaldo Motorway,Carterview,QLD,6028,,xxxxxxxxxx,,Rickie.Schuppe66@hotmail.com,27/7/91,,TRUE
BNE0241,Genesis,Yost,,名241,黃,F,1,Flatley Ways,Fernandobury,QLD,1332,xxxxxxxxxx,xxxxxxxxxx,Lonnie66@gmail.com,Bell.Stroman@gmail.com,13/6/45,,FALSE
BNE0242,Arno,Rohan,,名242,李,F,1,Ruecker Hill,Koelpinbury,QLD,3855,xxxxxxxxxx,,,,20/8/71,,TRUE
BNE0243,Reba,O'Connell,,名243,許,M,1,Armstrong Forge,Luzmouth,QLD,2342,xxxxxxxxxx,,,,21/0/51,,FALSE
BNE0244,Shyann,Heller,,名244,陳,M,1,Ken Mount,Lake Borisstad,QLD,7111,xxxxxxxxxx,,,,6/11/47,,FALSE
BNE0245,Afton,Pollich,,名245,施,F,1,Greenholt Manors,New Keaton,QLD,7752,xxxxxxxxxx,,,,24/0/72,,FALSE
BNE0246,Zoila,Stark,,,,M,9,Asia Walks,Seanburgh,QLD,0293,xxxxxxxxxx,,,,1/10/5,,TRUE
BNE0247,Jordi,Runolfsson,,,,M,9,Asia Walks,Seanburgh,QLD,0293,xxxxxxxxxx,,,,22/7/54,,TRUE
BNE0248,Calista,Nikolaus,,,,F,9,Asia Walks,Seanburgh,QLD,0293,xxxxxxxxxx,,,,18/5/72,,TRUE
BNE0249,Danika,Carter,,名249,張,M,3,Elva Court,North Evans,QLD,1479,,xxxxxxxxxx,Olaf31@hotmail.com,Alexie.Hoeger@gmail.com,16/8/92,,TRUE
BNE0250,Horace,Gorczany,,名250,林,M,11,Conn Ways,Port Flaviomouth,QLD,8973,xxxxxxxxxx,xxxxxxxxxx,,,30/4/71,,TRUE
BNE0251,Cullen,Grady,,名251,施,M,1,Joseph Tunnel,Lisandrofort,QLD,1610,,xxxxxxxxxx,Daisy.OConner@hotmail.com,Jevon.Keebler@yahoo.com,5/6/3,,FALSE
BNE0252,Georgianna,Ratke,,名252,施,M,1,Joseph Tunnel,Lisandrofort,QLD,1610,xxxxxxxxxx,xxxxxxxxxx,Ottis.Zboncak@yahoo.com,Pete_McGlynn22@hotmail.com,8/10/48,,FALSE
BNE0253,Concepcion,Homenick,,名253,黃,M,1,Ledner Freeway,Heloisehaven,QLD,6503,,xxxxxxxxxx,Johnson_Bins77@yahoo.com,Kiley_Hansen48@hotmail.com,28/7/93,,FALSE
BNE0254,Nakia,Heaney,,名254,曾,F,3,Bartell Plaza,Hyattfort,QLD,3931,,xxxxxxxxxx,,Ebony.Brekke17@yahoo.com,27/6/20,,TRUE
BNE0255,Jadon,Kerluke,,名255,吳,F,3,Toy Terrace,Rennerborough,QLD,7515,,xxxxxxxxxx,Maurine.Bailey80@gmail.com,Alvina44@hotmail.com,25/10/79,,TRUE
BNE0256,Caleb,Collins,Oran,名256,林,M,1,Dietrich Viaduct,New Herminiohaven,QLD,0570,xxxxxxxxxx,xxxxxxxxxx,,,6/2/44,,FALSE
BNE0257,Bridget,Upton,,名257,陳,M,1,Dietrich Viaduct,New Herminiohaven,QLD,0570,xxxxxxxxxx,xxxxxxxxxx,Laron.Reilly3@gmail.com,Niko_Runolfsson@yahoo.com,31/7/0,,FALSE
BNE0258,Camylle,Orn,,名258,林,F,1,Dietrich Viaduct,New Herminiohaven,QLD,0570,xxxxxxxxxx,,,,3/4/55,,FALSE
BNE0259,Golda,Bauch,,名259,林,F,1,Dietrich Viaduct,New Herminiohaven,QLD,0570,xxxxxxxxxx,,,,22/5/16,,FALSE
BNE0260,Clair,Hilpert,,名260,林,F,1,Krista Mount,Evantown,QLD,8071,,,,,12/4/44,,FALSE
BNE0261,Angie,Ferry,,名261,王,F,1,Brandi Rapids,North Hermina,QLD,5258,,xxxxxxxxxx,Alaina82@gmail.com,Cicero13@yahoo.com,6/7/19,,FALSE
BNE0262,Lorine,Morissette,Lawrence,名262,杜,M,1,Strosin Common,Corkeryview,QLD,3214,,xxxxxxxxxx,Freddie_Bednar21@hotmail.com,Vern.Lang@gmail.com,9/0/81,,FALSE
BNE0263,Madie,Schumm,,名263,柯,F,1,Lind Isle,Port Layneshire,QLD,6321,,,,,14/6/64,,FALSE
BNE0264,Ardella,Walsh,Agustina,名264,黃,M,3,Trevion Skyway,Domingobury,QLD,2490,,,Troy_Balistreri@yahoo.com,Kyra91@yahoo.com,6/3/51,,TRUE
BNE0265,Miles,McClure,,名265,李,F,7,Donavon Knolls,North Vance,QLD,8021,,xxxxxxxxxx,,,6/4/88,,TRUE
BNE0266,Deondre,Weber,,名266,劉,F,8,Sammie Path,Haleyfurt,QLD,9287,,xxxxxxxxxx,,,25/9/78,,TRUE
BNE0267,Jamarcus,Grimes,,名267,梁,M,8,Krista Fords,Mannland,QLD,2504,,xxxxxxxxxx,,Claudine_Renner@gmail.com,20/9/6,,FALSE
BNE0268,Richmond,Predovic,,名268,張,F,3,Toy Drives,Lake June,QLD,1174,,xxxxxxxxxx,Neal_Reinger@hotmail.com,Kaela.Gleichner@hotmail.com,23/8/62,,TRUE
BNE0269,Beatrice,Tremblay,,名269,金,F,3,Rahul Hollow,Petraland,QLD,0706,,xxxxxxxxxx,Lauretta_Herman30@hotmail.com,Edyth65@yahoo.com,29/5/99,,TRUE
BNE0270,Clotilde,Heaney,Rowan,名270,殷,F,9,Grayce Burg,Erynchester,QLD,8546,,xxxxxxxxxx,,,18/8/74,,TRUE
BNE0271,Evie,Kunze,,名271,鄭,F,3,Bode Street,Sigmundtown,QLD,3516,xxxxxxxxxx,xxxxxxxxxx,Terrence.Leffler@gmail.com,Trent.Kuhn@gmail.com,1/7/52,,FALSE
BNE0272,Erich,Marquardt,,名272,曾,M,9,Hackett Crossroad,Johnchester,QLD,8716,,xxxxxxxxxx,,Ayla.Lynch@yahoo.com,12/7/20,,TRUE
BNE0273,Israel,Mohr,,,,M,11,Hammes Wells,Hershelhaven,QLD,4188,,xxxxxxxxxx,,Melisa.Johnson@yahoo.com,10/2/81,,TRUE
BNE0274,Pietro,Bogisich,,名274,謝,F,9,Paucek Mills,Murazikland,QLD,1950,xxxxxxxxxx,xxxxxxxxxx,,Flossie.Olson@gmail.com,9/0/63,,TRUE
BNE0275,Delfina,Hilll,,名275,黃,M,11,O'Connell Garden,West Presley,QLD,3775,,xxxxxxxxxx,,,13/9/5,,TRUE
BNE0276,Clark,Kreiger,,名276,陳,F,3,Darrin Trace,Eberttown,QLD,6176,,xxxxxxxxxx,Earline.Kilback85@hotmail.com,Easter_Schneider63@hotmail.com,12/3/7,,TRUE
BNE0277,Taylor,Rohan,,,陳,M,9,Arianna Unions,Port Fredytown,QLD,5802,,xxxxxxxxxx,,,13/0/74,,TRUE
BNE0278,Brent,Leannon,Danielle,名278,陳,M,1,Jessie Meadows,East Loyland,QLD,3743,,xxxxxxxxxx,,Toni47@yahoo.com,16/7/64,,FALSE
BNE0279,Garth,Bernhard,Liam,名279,佘,M,1,Dickinson Motorway,Treutelstad,QLD,9425,,xxxxxxxxxx,,,2/2/43,,FALSE
BNE0280,Lydia,Huels,,,,F,9,Leannon Neck,New Herman,QLD,2511,,xxxxxxxxxx,,,17/5/93,,TRUE
BNE0281,Carmel,Wolff,,名281,張,F,8,Ledner Freeway,Heloisehaven,QLD,6503,,,,,13/2/89,,FALSE
BNE0282,Gerard,Cassin,,名282,楊,M,9,Swift Bridge,Lake Eugene,QLD,7111,,,,,19/6/76,,TRUE
BNE0283,Jack,Borer,,名283,陳,F,1,Maxie Common,Koelpinborough,QLD,5200,xxxxxxxxxx,,,,1/8/48,,TRUE
BNE0284,Andre,Bernier,,,,M,9,Adams Loaf,Lucianoport,QLD,7220,,xxxxxxxxxx,,,7/5/66,,TRUE
BNE0285,Michelle,Lang,,,,M,9,Adams Loaf,Lucianoport,QLD,7220,,,,,25/3/80,,TRUE
BNE0286,Lina,Langosh,,,,M,9,Kovacek Lodge,East Tavares,QLD,3410,,,,,10/0/64,,TRUE
BNE0287,Joelle,Casper,,,,F,9,Kovacek Lodge,East Tavares,QLD,3410,,,,,22/6/87,,TRUE
BNE0288,Gus,Grady,,,,F,9,Kovacek Lodge,East Tavares,QLD,3410,,,,,9/0/10,,TRUE
BNE0289,Kattie,Hickle,,,,F,9,Hammes Wells,Hershelhaven,QLD,4188,,,,,9/8/59,,TRUE
BNE0290,Bridgette,Schaden,,名290,林,M,1,Jean Trace,Tristinton,QLD,3070,xxxxxxxxxx,,,,21/6/12,,FALSE
BNE0291,Dorian,Volkman,,,,M,9,Nakia Extensions,New Mayamouth,QLD,3845,,xxxxxxxxxx,,Elda_Hammes@hotmail.com,11/1/41,,TRUE
BNE0292,Irwin,Goyette,,名292,陳,M,1,McLaughlin Locks,Raynorton,QLD,4231,xxxxxxxxxx,,,,13/2/79,,FALSE
BNE0293,Zita,Murray,,名293,楊,F,1,Hank Valley,East Bridgette,QLD,4761,,,,,6/9/76,,FALSE
BNE0294,Ervin,Reynolds,,名294,涂,F,11,Pattie Islands,Lavernahaven,QLD,5709,,xxxxxxxxxx,,Kira74@hotmail.com,24/0/77,,TRUE
BNE0295,Keyon,Huels,,名295,胡,M,1,Boehm Corner,Lake Alexis,QLD,7595,xxxxxxxxxx,xxxxxxxxxx,Jennings57@yahoo.com,Miguel.Hayes35@gmail.com,15/5/83,,FALSE
BNE0296,Ibrahim,Muller,,名296,張,F,3,Norval Creek,Grimesmouth,QLD,6170,,xxxxxxxxxx,Jalyn_Rodriguez44@gmail.com,Etha_Walker25@gmail.com,21/1/69,,FALSE
BNE0297,Emelie,Runolfsdottir,,名297,張,M,1,Konopelski Pine,Port Fanniestad,QLD,5461,,xxxxxxxxxx,Felipa_Krajcik29@hotmail.com,Christ16@hotmail.com,2/2/68,,FALSE
BNE0298,Noemi,Effertz,,名298,劉,M,1,Jaskolski Bridge,East Julius,QLD,6113,,xxxxxxxxxx,Haylee.Schmitt50@hotmail.com,Janie49@yahoo.com,14/3/73,,FALSE
BNE0299,Maud,Wilkinson,,名299,金,F,13,Barton Ways,Port Rudolph,QLD,6939,,xxxxxxxxxx,,Monique_Mraz@hotmail.com,14/9/13,,TRUE
BNE0300,Felicia,Kemmer,,,,F,13,King Mountain,New Jarrettton,QLD,5633,,xxxxxxxxxx,,Roma18@yahoo.com,11/8/55,,TRUE
BNE0301,Omer,Tremblay,,名301,黃,M,1,Schulist Springs,North Mohamedhaven,QLD,0816,xxxxxxxxxx,xxxxxxxxxx,,Rossie.Hintz@gmail.com,3/8/80,,FALSE
BNE0302,Lessie,Heathcote,,名302,楊,M,1,Schulist Springs,North Mohamedhaven,QLD,0816,xxxxxxxxxx,xxxxxxxxxx,,,19/2/19,,FALSE
BNE0303,Deondre,Spinka,,名303,黃,M,1,Schulist Springs,North Mohamedhaven,QLD,0816,xxxxxxxxxx,xxxxxxxxxx,Alene27@hotmail.com,Ali.Reichert57@hotmail.com,11/1/65,,FALSE
BNE0304,Donna,Lesch,,名304,黃,F,1,Schulist Springs,North Mohamedhaven,QLD,0816,xxxxxxxxxx,xxxxxxxxxx,Tressa.Nikolaus@hotmail.com,Eldridge.Nitzsche@gmail.com,4/7/4,,FALSE
BNE0305,Adah,Ortiz,,名305,林,F,1,Jay Park,Weberchester,QLD,3300,,,,,13/2/46,,FALSE
BNE0306,Isac,Kris,,,,F,9,Barrows Ridge,North Charleyview,QLD,0343,,,,,12/4/49,,TRUE
BNE0307,Leanne,Leannon,,,,M,9,Barrows Ridge,North Charleyview,QLD,0343,,,,,17/8/46,,TRUE
BNE0308,Jamey,Kunze,,,,M,9,Barrows Ridge,North Charleyview,QLD,0343,,,,,10/8/98,,TRUE
BNE0309,Breana,Krajcik,,,許,M,1,Lockman Village,North Danechester,QLD,8071,xxxxxxxxxx,,,,22/11/76,,FALSE
BNE0310,Riley,Kautzer,,名310,張,F,9,Rosanna Oval,West Janetview,QLD,9485,xxxxxxxxxx,,,,10/3/11,,TRUE
BNE0311,Kaley,Cruickshank,,名311,徐,M,1,Joesph Isle,Hermannfort,QLD,4543,xxxxxxxxxx,,,,11/2/96,,FALSE
BNE0312,Salvatore,Goyette,,名312,余,M,1,Deonte Station,Arnoldfort,QLD,8442,,xxxxxxxxxx,Kamren0@hotmail.com,Beatrice_Barrows17@yahoo.com,17/9/90,,FALSE
BNE0313,Maeve,Kirlin,Heaven,名313,韓,M,1,Goyette Causeway,Sigurdton,QLD,9582,,xxxxxxxxxx,,Merl.Schaefer74@yahoo.com,15/6/12,,FALSE
BNE0314,Gerald,Ryan,,名314,陳,M,1,Linnie Island,New Vivienne,QLD,6385,xxxxxxxxxx,xxxxxxxxxx,,June.Borer59@yahoo.com,19/1/59,,FALSE
BNE0315,Ramon,Crona,,名315,楊,F,1,Linnie Island,New Vivienne,QLD,6385,xxxxxxxxxx,xxxxxxxxxx,,Darrick62@yahoo.com,16/9/72,,FALSE
BNE0316,Hiram,Bode,,名316,楊,M,1,Linnie Island,New Vivienne,QLD,6385,xxxxxxxxxx,xxxxxxxxxx,Misael_Cummings71@gmail.com,Diana_Jones26@gmail.com,1/7/97,,FALSE
BNE0317,Jude,Lind,,名317,楊,F,1,Linnie Island,New Vivienne,QLD,6385,xxxxxxxxxx,xxxxxxxxxx,Dorothy59@gmail.com,Abbigail83@hotmail.com,8/1/73,,FALSE
BNE0318,Dewayne,Bahringer,,名318,楊,F,1,Linnie Island,New Vivienne,QLD,6385,xxxxxxxxxx,xxxxxxxxxx,,Fannie_Gaylord63@yahoo.com,25/8/20,,FALSE
BNE0319,Kaitlyn,Barton,,名319,邵,M,1,Boehm Corner,Lake Alexis,QLD,7595,xxxxxxxxxx,,,,24/3/16,,FALSE
BNE0320,Alva,Williamson,,名320,施,M,1,Greenholt Manors,New Keaton,QLD,7752,,,,,13/11/5,,FALSE
BNE0321,Connie,Glover,,名321,吳,F,9,Theresia Track,South Maxime,QLD,4909,,xxxxxxxxxx,,,25/0/89,,TRUE
BNE0322,Leonor,Skiles,,名322,陳,M,1,Baumbach Mews,Kuphalburgh,QLD,4657,xxxxxxxxxx,xxxxxxxxxx,Jarrett_Block@gmail.com,Dereck.Thompson@hotmail.com,12/0/66,,FALSE
BNE0323,Gordon,Lockman,,名323,林,F,1,Krista Mount,Evantown,QLD,8071,,,,,15/6/46,,FALSE
BNE0324,Adrien,Erdman,,名324,劉,F,1,Janelle Points,Lillianaview,QLD,3236,,,,,23/9/90,,FALSE
BNE0325,Ansley,Batz,,名325,蔡,F,1,Bogisich Glen,Lake Breanneton,QLD,5126,xxxxxxxxxx,xxxxxxxxxx,,Bria53@hotmail.com,26/4/61,,FALSE
BNE0326,Jonas,Bayer,,名326,楊,F,1,Bogisich Glen,Lake Breanneton,QLD,5126,xxxxxxxxxx,xxxxxxxxxx,,Deon43@gmail.com,5/0/94,,FALSE
BNE0327,Hope,Brakus,,名327,蔡,M,1,Bogisich Glen,Lake Breanneton,QLD,5126,xxxxxxxxxx,,,,24/4/90,,FALSE
BNE0328,Suzanne,Fay,,名328,蔡,M,1,Lang Highway,Kuhnburgh,QLD,5268,xxxxxxxxxx,,,,20/4/5,,FALSE
BNE0329,Josephine,Cassin,,名329,夏,M,9,Hintz Route,Port Vernie,QLD,0464,,xxxxxxxxxx,,,3/1/5,,TRUE
BNE0330,Stephon,Reichel,,名330,李,M,11,Trantow View,New Paulineland,QLD,1409,,xxxxxxxxxx,,,22/3/91,,FALSE
BNE0331,Hayden,Towne,,名331,許,M,1,Armstrong Forge,Luzmouth,QLD,2342,xxxxxxxxxx,,,,27/6/84,,FALSE
BNE0332,Elmo,Pfannerstill,,名332,楊,M,1,Hank Valley,East Bridgette,QLD,4761,,,,,16/3/9,,FALSE
BNE0333,Richmond,Hessel,,名333,薛,F,11,Trantow View,New Paulineland,QLD,1409,,xxxxxxxxxx,,Emerald_Emmerich15@gmail.com,19/9/3,,FALSE
BNE0334,Moses,Swaniawski,,名334,陳,F,11,Trantow View,New Paulineland,QLD,1409,,,,,3/5/47,,FALSE
BNE0335,Oleta,Walter,,名335,楊,M,2,Trantow View,New Paulineland,QLD,1409,,,,,9/1/56,,FALSE
BNE0336,Maegan,Heidenreich,,名336,楊,M,8,Trantow View,New Paulineland,QLD,1409,,,,,22/10/5,,FALSE
BNE0337,Garrick,McGlynn,,名337,陳,M,8,Trantow View,New Paulineland,QLD,1409,,,,,18/1/76,,FALSE
BNE0338,Kyla,Dickinson,,名338,賴,F,9,Trantow View,New Paulineland,QLD,1409,,,,,28/4/88,,FALSE
BNE0339,Scotty,Legros,,名339,靜琦,M,9,Zulauf Inlet,Turnerview,QLD,4027,,xxxxxxxxxx,,,8/2/86,,FALSE
BNE0340,Karson,Heathcote,,名340,潘,F,1,Amber Port,Port Bernardotown,QLD,6847,,xxxxxxxxxx,Terrence_Mohr@yahoo.com,Jordon41@yahoo.com,11/7/52,,FALSE
BNE0341,Lilliana,Cummings,,,,M,8,Trantow View,New Paulineland,QLD,1409,,,,,7/5/70,,FALSE
BNE0342,Kelsi,Bayer,Ron,名342,翁,F,1,Maya Burgs,North Vitatown,QLD,0152,xxxxxxxxxx,xxxxxxxxxx,,Shakira.Willms@hotmail.com,29/0/53,,FALSE
BNE0343,Vance,Streich,,名343,翁,F,1,Maya Burgs,North Vitatown,QLD,0152,xxxxxxxxxx,xxxxxxxxxx,Elza83@hotmail.com,Brendan.Metz@yahoo.com,19/8/62,,FALSE
BNE0344,Ressie,Smitham,,,翁,M,1,Maya Burgs,North Vitatown,QLD,0152,xxxxxxxxxx,,,,25/4/94,,FALSE
BNE0345,Humberto,Gorczany,,,翁,M,1,Maya Burgs,North Vitatown,QLD,0152,xxxxxxxxxx,,,,16/0/90,,FALSE
BNE0346,Erich,Lemke,,,許,M,1,Lockman Village,North Danechester,QLD,8071,xxxxxxxxxx,,,,27/3/5,,FALSE
BNE0347,Toy,Harris,,,劉,M,1,Janelle Points,Lillianaview,QLD,3236,,,,,9/5/53,,FALSE
BNE0348,Marietta,Rosenbaum,,名348,羅,F,1,Zaria Light,Beahanburgh,QLD,0213,,xxxxxxxxxx,,Elta34@hotmail.com,7/10/56,,FALSE
BNE0349,Una,Kautzer,,名349,孫,F,1,Goyette Causeway,Sigurdton,QLD,9582,,xxxxxxxxxx,,Sierra72@hotmail.com,23/7/85,,FALSE
BNE0350,Chris,Goodwin,,,林,F,1,Deonte Station,Arnoldfort,QLD,8442,,xxxxxxxxxx,,Dylan.Reilly79@gmail.com,18/0/97,,FALSE
BNE0351,Magnus,Grimes,,,,M,1,Feeney Road,North Olen,QLD,8716,,xxxxxxxxxx,,,29/8/63,,FALSE
BNE0352,Camila,Wisozk,,名352,邵,M,1,Boehm Corner,Lake Alexis,QLD,7595,xxxxxxxxxx,,,,12/0/1,,FALSE
BNE0353,Magnolia,Kirlin,,名353,張,M,3,Konopelski Pine,Port Fanniestad,QLD,5461,,xxxxxxxxxx,,Coby_Cole8@yahoo.com,7/1/82,,FALSE
BNE0354,Delores,Christiansen,,名354,李,F,1,Fahey Villages,East Jewel,QLD,2229,,xxxxxxxxxx,Leo_Ferry22@yahoo.com,Dovie_Streich98@yahoo.com,14/11/73,,FALSE
BNE0355,Eliza,Braun,,名355,楊,F,1,Linnie Island,New Vivienne,QLD,6385,xxxxxxxxxx,,,,4/4/72,,FALSE
BNE0356,Cody,Howell,Cesar,名356,李,F,6,Candelario Station,South Lydaton,QLD,2336,,xxxxxxxxxx,Dante.Hessel88@hotmail.com,Barry.Grant6@hotmail.com,12/9/17,,FALSE
BNE0357,Giovanny,Howell,,名357,王,M,1,Candelario Station,South Lydaton,QLD,2336,,xxxxxxxxxx,Akeem_Swaniawski29@hotmail.com,Neoma.Kunde75@yahoo.com,21/8/70,,FALSE
BNE0358,Ursula,Metz,,名358,李,F,1,Candelario Station,South Lydaton,QLD,2336,,,,Tiara.Mraz17@hotmail.com,18/10/70,,FALSE
BNE0359,Wilford,Krajcik,,名359,陈,M,1,Ezra Cape,South Jaceyton,QLD,0765,,xxxxxxxxxx,,Bennie19@yahoo.com,14/1/75,,FALSE
BNE0360,Phyllis,O'Keefe,,名360,王,M,1,Ezra Cape,South Jaceyton,QLD,0765,,xxxxxxxxxx,,Eladio_Rath@gmail.com,24/2/72,,FALSE
BNE0361,Aurore,Huel,,名361,陈,F,1,Ezra Cape,South Jaceyton,QLD,0765,,,,,22/3/16,,FALSE
BNE0362,Loma,Bernhard,,名362,鄭,M,8,Conroy Gardens,Lockmantown,QLD,3070,,,,,24/9/8,,FALSE
BNE0363,Santiago,Breitenberg,,名363,翁,M,1,Boyle Island,Lake Destiny,QLD,1132,,xxxxxxxxxx,,Otha_Maggio@gmail.com,4/8/47,,FALSE
BNE0364,Laney,Heaney,,名364,鄭,F,1,Boyle Island,Lake Destiny,QLD,1132,,,,,10/8/47,,FALSE
BNE0365,Deonte,Raynor,,名365,鄭,F,1,Boyle Island,Lake Destiny,QLD,1132,,xxxxxxxxxx,,,20/4/85,,FALSE
BNE0366,Neha,Harvey,,名366,陳,F,1,Kessler Islands,East Blakeburgh,QLD,9339,,xxxxxxxxxx,,Retta96@gmail.com,8/1/14,,FALSE
BNE0367,Leslie,Robel,David,名367,曹,M,1,Kessler Islands,East Blakeburgh,QLD,9339,,xxxxxxxxxx,,,30/11/92,,FALSE
BNE0368,Anjali,Wunsch,,名368,毛,F,1,Berge Gardens,Isabelleborough,QLD,7942,,xxxxxxxxxx,,Stephon.Weber86@hotmail.com,16/2/64,,FALSE
BNE0369,Darrin,Okuneva,Nils,名369,黃,F,8,Willa Shore,Lake Dewayne,QLD,2272,,xxxxxxxxxx,,Delta_Bergstrom@hotmail.com,1/2/96,,FALSE
BNE0370,Jordon,Reichel,Kristofer,名370,潘,F,1,Josiane Terrace,Barrowsside,QLD,6300,,xxxxxxxxxx,,Brain_MacGyver@yahoo.com,29/2/94,,FALSE
BNE0371,Alana,Mertz,,名371,黃,F,1,Josiane Terrace,Barrowsside,QLD,6300,,,,,29/8/82,,FALSE
BNE0372,Valentina,Gutkowski,,名372,花,F,8,Reynolds Place,Davisville,QLD,7808,,xxxxxxxxxx,,Hilton.Smitham57@yahoo.com,13/5/85,,FALSE
BNE0373,Andreane,MacGyver,,,,F,1,Braun Bridge,East Rickyville,QLD,6429,,xxxxxxxxxx,,,6/8/97,,FALSE
BNE0374,Brennon,Klein,,名374,黃,F,1,Hansen Gardens,Dejonbury,QLD,6118,,xxxxxxxxxx,,Kellie.Hermann46@yahoo.com,27/9/90,,FALSE
BNE0375,Brando,Schuster,,名375,陳,F,1,Hansen Gardens,Dejonbury,QLD,6118,,xxxxxxxxxx,,Dominic.Rosenbaum73@yahoo.com,16/3/52,,FALSE
BNE0376,Zane,Johns,,名376,黃,F,1,Hansen Gardens,Dejonbury,QLD,6118,,,,,22/11/15,,FALSE
BNE0377,Lora,Farrell,,名377,黃,M,1,Hansen Gardens,Dejonbury,QLD,6118,,,,,4/2/77,,FALSE
BNE0378,Rey,Carroll,,名378,陳,F,9,Thalia Walk,Lake Earline,QLD,2536,,,,,15/2/14,,FALSE
BNE0379,Santina,Waelchi,,,,M,1,Rath Mount,East Travonport,QLD,4740,,,,,21/1/79,,FALSE
BNE0380,Kameron,McGlynn,,名380,鄒,M,1,Dana View,Littleport,QLD,5994,,xxxxxxxxxx,,Kamryn75@hotmail.com,19/1/83,,FALSE
BNE0381,Eulalia,Schaefer,,名381,許,M,1,Summer Vista,Nakiastad,QLD,4308,xxxxxxxxxx,xxxxxxxxxx,,Rhiannon34@hotmail.com,1/0/16,,FALSE
BNE0382,Kathryne,Aufderhar,,,胡,F,1,Strosin Common,Corkeryview,QLD,3214,,,,Ulises_Cartwright@hotmail.com,15/8/79,,FALSE
BNE0383,Rebeca,Wiegand,,名383,陳,F,1,Hudson Fords,Cameronborough,QLD,4273,,,,,27/1/69,,FALSE
BNE0384,John,Pagac,,名384,俞,F,1,Fadel Corner,Port Ottilie,QLD,7910,,xxxxxxxxxx,Adriana53@hotmail.com,,6/6/41,,FALSE
BNE0385,Emmett,Terry,,名385,林,M,8,Shyanne Passage,Berryshire,QLD,1300,,xxxxxxxxxx,,Emelia91@yahoo.com,16/2/65,,FALSE
BNE0386,Shirley,Nikolaus,,,,M,8,Shyanne Passage,Berryshire,QLD,1300,,,,,15/10/48,,FALSE
BNE0387,Osbaldo,Rohan,,,,M,8,Shyanne Passage,Berryshire,QLD,1300,,,,,5/0/62,,FALSE
BNE0388,Brenden,Brown,,名388,黃,M,1,Joannie Passage,Veumside,QLD,6377,,xxxxxxxxxx,,,5/7/15,,FALSE
BNE0389,Montana,Cummerata,,名389,翁,F,1,Metz Knolls,Larsonburgh,QLD,3463,,,,,22/6/84,,FALSE
BNE0390,Brandon,Jaskolski,,,,M,8,Volkman Island,Dollyborough,QLD,5574,,xxxxxxxxxx,,Pedro.Windler52@yahoo.com,7/11/77,,FALSE
BNE0391,Demetris,Breitenberg,,,,F,8,Koss Road,East Rocio,QLD,5407,,xxxxxxxxxx,,Jason_Turner@hotmail.com,4/0/86,,FALSE
BNE0392,Alexandro,Abernathy,Jovany,名392,俞,M,1,Kovacek Track,Ianstad,QLD,8674,,xxxxxxxxxx,,Joe53@gmail.com,9/4/64,,FALSE
BNE0393,Frederique,Koss,Stan,名393,林,F,1,Kovacek Track,Ianstad,QLD,8674,,xxxxxxxxxx,,Prince_Torp86@hotmail.com,11/4/10,,FALSE
BNE0394,Norwood,Schinner,,名394,俞,F,1,Kovacek Track,Ianstad,QLD,8674,,,,,9/7/46,,FALSE
BNE0395,Shawn,Lemke,,名395,俞,M,1,Kovacek Track,Ianstad,QLD,8674,,,,,28/2/88,,FALSE
BNE0396,Josiane,D'Amore,,名396,俞,M,1,Kovacek Track,Ianstad,QLD,8674,,,,,3/0/2,,FALSE
BNE0397,Newton,Herman,,名397,林,F,11,Murray Heights,North Lesliefurt,QLD,1887,,xxxxxxxxxx,,Giovanna.Cartwright93@yahoo.com,22/4/45,,FALSE
BNE0398,Junius,Hilll,Lauren,名398,陳,F,3,Murray Prairie,Steuberhaven,QLD,9081,,xxxxxxxxxx,,Roselyn29@yahoo.com,15/3/87,,FALSE
BNE0399,Michaela,Vandervort,Kristopher,名399,謝,M,11,Brakus Shore,New Dandrefort,QLD,4648,,xxxxxxxxxx,,Benny_Pouros4@gmail.com,25/3/50,,FALSE
BNE0400,Theresa,Stehr,,,,F,1,Ally Ramp,New Darrionbury,QLD,0034,,xxxxxxxxxx,,Rachel.Jones@yahoo.com,21/0/51,,FALSE
BNE0401,Gabriella,Romaguera,,名401,蔡,M,1,Ally Ramp,New Darrionbury,QLD,0034,,,,Retha.Jakubowski@gmail.com,17/5/55,,FALSE
BNE0402,Candice,Reilly,,,,M,1,Ally Ramp,New Darrionbury,QLD,0034,,,,,22/7/20,,FALSE
BNE0403,Jordane,Huels,,名403,陳,F,11,Goodwin Rest,East Adriana,QLD,4769,,xxxxxxxxxx,,Priscilla73@hotmail.com,30/7/3,,FALSE
BNE0404,Theresia,Denesik,,名404,王,M,9,West River,Lake Stacyhaven,QLD,1129,,,,,1/4/52,,FALSE
BNE0405,Willy,Hermiston,,名405,陳,M,1,West River,Lake Stacyhaven,QLD,1129,,xxxxxxxxxx,,,2/5/94,,FALSE
BNE0406,Armani,Kemmer,,名406,余,M,1,Hermann Spurs,Runtebury,QLD,6037,,,,,10/6/83,,FALSE
BNE0407,Selina,Orn,,名407,陳,M,1,Bartoletti Corners,Mullertown,QLD,0272,,xxxxxxxxxx,,,13/3/85,,FALSE
BNE0408,Bernadine,Weber,,,,F,9,Lane Throughway,Greenfelderchester,QLD,9876,,,,,29/7/75,,TRUE
BNE0409,Vilma,Hammes,Louvenia,,,M,11,Trevion Skyway,Domingobury,QLD,2490,,xxxxxxxxxx,,Cayla_Hermann41@yahoo.com,5/10/88,,FALSE
BNE0410,Kieran,Hagenes,,名410,陳,M,8,Maximus Avenue,East Waldofurt,QLD,5902,,xxxxxxxxxx,,,17/0/73,,FALSE
BNE0411,Connor,Reilly,Amir,名411,關,M,11,Hilton Junction,Heaneyborough,QLD,0841,,xxxxxxxxxx,,Perry.Hintz38@hotmail.com,4/3/87,,FALSE
BNE0412,Virginia,Lang,Jamie,名412,楊,M,11,Davis Manors,Ondrickaland,QLD,2470,,xxxxxxxxxx,,Jameson.Ziemann68@yahoo.com,3/4/8,,FALSE
BNE0413,Jaron,Pfannerstill,,,,F,11,Rohan Center,South Raquel,QLD,1503,,xxxxxxxxxx,,,16/10/42,,FALSE
BNE0414,Janice,Vandervort,,,,M,11,Rohan Center,South Raquel,QLD,1503,,,,,11/4/42,,FALSE
BNE0415,Shanna,Cummerata,,,,F,1,Leif Street,Port Lennaport,QLD,0060,,,,,5/11/79,,FALSE
BNE0416,Brando,Becker,,,黃,M,9,Josiane Terrace,Barrowsside,QLD,6300,,,,,12/5/5,,FALS
